dashboard_path,sheet,measure,fuel,chart_file,esto_flow,esto_product
Buildings,Buildings,Energy balance (PJ),Total,charts/aggregate__Buildings__Energy_balance__PJ__Total.html,,
Bunkers,Bunkers,Energy balance (PJ),Total,charts/aggregate__Bunkers__Energy_balance__PJ__Total.html,,
Industry,Industry,Energy balance (PJ),Total,charts/aggregate__Industry_sector__Energy_balance__PJ__Total.html,,
Industry > Manufacturing,Manufacturing,Energy balance (PJ),Total,charts/aggregate__Industry_sector__Manufacturing__Energy_balance__PJ__Total.html,,
Other transformation and transfers > Demand > Total final energy consumption,Total final energy consumption,Energy balance (PJ),Total,charts/aggregate__Other_transformation_and_transfers__Demand__Total_final_energy_consumption__Energy_balance__PJ__Total.html,,
Other transformation and transfers > Demand > Total final energy consumption,esto__13__Total_final_energy_consumption,Energy balance (PJ),Anthracite,charts/esto__13__Total_final_energy_consumption__Energy_balance__PJ__Anthracite.html,13 Total final energy consumption,01.04 Anthracite
Other transformation and transfers > Demand > Total final energy consumption,esto__13__Total_final_energy_consumption,Energy balance (PJ),Aviation gasoline,charts/esto__13__Total_final_energy_consumption__Energy_balance__PJ__Aviation_gasoline.html,13 Total final energy consumption,07.02 Aviation gasoline
Other transformation and transfers > Demand > Total final energy consumption,esto__13__Total_final_energy_consumption,Energy balance (PJ),BKB/PB,charts/esto__13__Total_final_energy_consumption__Energy_balance__PJ__BKB_PB.html,13 Total final energy consumption,02.08 BKB/PB
Other transformation and transfers > Demand > Total final energy consumption,esto__13__Total_final_energy_consumption,Energy balance (PJ),Bagasse,charts/esto__13__Total_final_energy_consumption__Energy_balance__PJ__Bagasse.html,13 Total final energy consumption,15.02 Bagasse
Other transformation and transfers > Demand > Total final energy consumption,esto__13__Total_final_energy_consumption,Energy balance (PJ),Bio jet kerosene,charts/esto__13__Total_final_energy_consumption__Energy_balance__PJ__Bio_jet_kerosene.html,13 Total final energy consumption,16.07 Bio jet kerosene
Other transformation and transfers > Demand > Total final energy consumption,esto__13__Total_final_energy_consumption,Energy balance (PJ),Biodiesel,charts/esto__13__Total_final_energy_consumption__Energy_balance__PJ__Biodiesel.html,13 Total final energy consumption,16.06 Biodiesel
Other transformation and transfers > Demand > Total final energy consumption,esto__13__Total_final_energy_consumption,Energy balance (PJ),Biogas,charts/esto__13__Total_final_energy_consumption__Energy_balance__PJ__Biogas.html,13 Total final energy consumption,16.01 Biogas
Other transformation and transfers > Demand > Total final energy consumption,esto__13__Total_final_energy_consumption,Energy balance (PJ),Biogasoline,charts/esto__13__Total_final_energy_consumption__Energy_balance__PJ__Biogasoline.html,13 Total final energy consumption,16.05 Biogasoline
Other transformation and transfers > Demand > Total final energy consumption,esto__13__Total_final_energy_consumption,Energy balance (PJ),Bitumen,charts/esto__13__Total_final_energy_consumption__Energy_balance__PJ__Bitumen.html,13 Total final energy consumption,07.14 Bitumen
Other transformation and transfers > Demand > Total final energy consumption,esto__13__Total_final_energy_consumption,Energy balance (PJ),Black liqour,charts/esto__13__Total_final_energy_consumption__Energy_balance__PJ__Black_liqour.html,13 Total final energy consumption,15.04 Black liqour
Other transformation and transfers > Demand > Total final energy consumption,esto__13__Total_final_energy_consumption,Energy balance (PJ),Blast furnace gas,charts/esto__13__Total_final_energy_consumption__Energy_balance__PJ__Blast_furnace_gas.html,13 Total final energy consumption,02.04 Blast furnace gas
Other transformation and transfers > Demand > Total final energy consumption,esto__13__Total_final_energy_consumption,Energy balance (PJ),Charcoal,charts/esto__13__Total_final_energy_consumption__Energy_balance__PJ__Charcoal.html,13 Total final energy consumption,15.03 Charcoal
Other transformation and transfers > Demand > Total final energy consumption,esto__13__Total_final_energy_consumption,Energy balance (PJ),Coal nonspecified,charts/esto__13__Total_final_energy_consumption__Energy_balance__PJ__Coal_nonspecified.html,13 Total final energy consumption,01.99 Coal nonspecified
Other transformation and transfers > Demand > Total final energy consumption,esto__13__Total_final_energy_consumption,Energy balance (PJ),Coal tar,charts/esto__13__Total_final_energy_consumption__Energy_balance__PJ__Coal_tar.html,13 Total final energy consumption,02.07 Coal tar
Other transformation and transfers > Demand > Total final energy consumption,esto__13__Total_final_energy_consumption,Energy balance (PJ),Coke oven coke,charts/esto__13__Total_final_energy_consumption__Energy_balance__PJ__Coke_oven_coke.html,13 Total final energy consumption,02.01 Coke oven coke
Other transformation and transfers > Demand > Total final energy consumption,esto__13__Total_final_energy_consumption,Energy balance (PJ),Coke oven gas,charts/esto__13__Total_final_energy_consumption__Energy_balance__PJ__Coke_oven_gas.html,13 Total final energy consumption,02.03 Coke oven gas
Other transformation and transfers > Demand > Total final energy consumption,esto__13__Total_final_energy_consumption,Energy balance (PJ),E-fuel,charts/esto__13__Total_final_energy_consumption__Energy_balance__PJ__E-fuel.html,13 Total final energy consumption,16.11 E-fuel
Other transformation and transfers > Demand > Total final energy consumption,esto__13__Total_final_energy_consumption,Energy balance (PJ),Electricity,charts/esto__13__Total_final_energy_consumption__Energy_balance__PJ__Electricity.html,13 Total final energy consumption,17 Electricity
Other transformation and transfers > Demand > Total final energy consumption,esto__13__Total_final_energy_consumption,Energy balance (PJ),Ethane,charts/esto__13__Total_final_energy_consumption__Energy_balance__PJ__Ethane.html,13 Total final energy consumption,07.11 Ethane
Other transformation and transfers > Demand > Total final energy consumption,esto__13__Total_final_energy_consumption,Energy balance (PJ),Fuel oil,charts/esto__13__Total_final_energy_consumption__Energy_balance__PJ__Fuel_oil.html,13 Total final energy consumption,07.08 Fuel oil
Other transformation and transfers > Demand > Total final energy consumption,esto__13__Total_final_energy_consumption,Energy balance (PJ),Fuelwood & woodwaste,charts/esto__13__Total_final_energy_consumption__Energy_balance__PJ__Fuelwood___woodwaste.html,13 Total final energy consumption,15.01 Fuelwood & woodwaste
Other transformation and transfers > Demand > Total final energy consumption,esto__13__Total_final_energy_consumption,Energy balance (PJ),Gas coke,charts/esto__13__Total_final_energy_consumption__Energy_balance__PJ__Gas_coke.html,13 Total final energy consumption,02.02 Gas coke
Other transformation and transfers > Demand > Total final energy consumption,esto__13__Total_final_energy_consumption,Energy balance (PJ),Gas/diesel oil,charts/esto__13__Total_final_energy_consumption__Energy_balance__PJ__Gas_diesel_oil.html,13 Total final energy consumption,07.07 Gas/diesel oil
Other transformation and transfers > Demand > Total final energy consumption,esto__13__Total_final_energy_consumption,Energy balance (PJ),Gasoline type jet fuel,charts/esto__13__Total_final_energy_consumption__Energy_balance__PJ__Gasoline_type_jet_fuel.html,13 Total final energy consumption,07.04 Gasoline type jet fuel
Other transformation and transfers > Demand > Total final energy consumption,esto__13__Total_final_energy_consumption,Energy balance (PJ),Geothermal,charts/esto__13__Total_final_energy_consumption__Energy_balance__PJ__Geothermal.html,13 Total final energy consumption,11 Geothermal
Other transformation and transfers > Demand > Total final energy consumption,esto__13__Total_final_energy_consumption,Energy balance (PJ),Heat,charts/esto__13__Total_final_energy_consumption__Energy_balance__PJ__Heat.html,13 Total final energy consumption,18 Heat
Other transformation and transfers > Demand > Total final energy consumption,esto__13__Total_final_energy_consumption,Energy balance (PJ),Hydrogen,charts/esto__13__Total_final_energy_consumption__Energy_balance__PJ__Hydrogen.html,13 Total final energy consumption,16.12 Hydrogen
Other transformation and transfers > Demand > Total final energy consumption,esto__13__Total_final_energy_consumption,Energy balance (PJ),Industrial waste,charts/esto__13__Total_final_energy_consumption__Energy_balance__PJ__Industrial_waste.html,13 Total final energy consumption,16.02 Industrial waste
Other transformation and transfers > Demand > Total final energy consumption,esto__13__Total_final_energy_consumption,Energy balance (PJ),Kerosene,charts/esto__13__Total_final_energy_consumption__Energy_balance__PJ__Kerosene.html,13 Total final energy consumption,07.06 Kerosene
Other transformation and transfers > Demand > Total final energy consumption,esto__13__Total_final_energy_consumption,Energy balance (PJ),Kerosene type jet fuel,charts/esto__13__Total_final_energy_consumption__Energy_balance__PJ__Kerosene_type_jet_fuel.html,13 Total final energy consumption,07.05 Kerosene type jet fuel
Other transformation and transfers > Demand > Total final energy consumption,esto__13__Total_final_energy_consumption,Energy balance (PJ),LNG,charts/esto__13__Total_final_energy_consumption__Energy_balance__PJ__LNG.html,13 Total final energy consumption,08.02 LNG
Other transformation and transfers > Demand > Total final energy consumption,esto__13__Total_final_energy_consumption,Energy balance (PJ),LPG,charts/esto__13__Total_final_energy_consumption__Energy_balance__PJ__LPG.html,13 Total final energy consumption,07.09 LPG
Other transformation and transfers > Demand > Total final energy consumption,esto__13__Total_final_energy_consumption,Energy balance (PJ),Lignite,charts/esto__13__Total_final_energy_consumption__Energy_balance__PJ__Lignite.html,13 Total final energy consumption,01.05 Lignite
Other transformation and transfers > Demand > Total final energy consumption,esto__13__Total_final_energy_consumption,Energy balance (PJ),Lubricants,charts/esto__13__Total_final_energy_consumption__Energy_balance__PJ__Lubricants.html,13 Total final energy consumption,07.13 Lubricants
Other transformation and transfers > Demand > Total final energy consumption,esto__13__Total_final_energy_consumption,Energy balance (PJ),Motor gasoline,charts/esto__13__Total_final_energy_consumption__Energy_balance__PJ__Motor_gasoline.html,13 Total final energy consumption,07.01 Motor gasoline
Other transformation and transfers > Demand > Total final energy consumption,esto__13__Total_final_energy_consumption,Energy balance (PJ),Municipal solid waste (non-renewable),charts/esto__13__Total_final_energy_consumption__Energy_balance__PJ__Municipal_solid_waste__non-renewable.html,13 Total final energy consumption,16.04 Municipal solid waste (non-renewable)
Other transformation and transfers > Demand > Total final energy consumption,esto__13__Total_final_energy_consumption,Energy balance (PJ),Municipal solid waste (renewable),charts/esto__13__Total_final_energy_consumption__Energy_balance__PJ__Municipal_solid_waste__renewable.html,13 Total final energy consumption,16.03 Municipal solid waste (renewable)
Other transformation and transfers > Demand > Total final energy consumption,esto__13__Total_final_energy_consumption,Energy balance (PJ),Naphtha,charts/esto__13__Total_final_energy_consumption__Energy_balance__PJ__Naphtha.html,13 Total final energy consumption,07.03 Naphtha
Other transformation and transfers > Demand > Total final energy consumption,esto__13__Total_final_energy_consumption,Energy balance (PJ),Other biomass,charts/esto__13__Total_final_energy_consumption__Energy_balance__PJ__Other_biomass.html,13 Total final energy consumption,15.05 Other biomass
Other transformation and transfers > Demand > Total final energy consumption,esto__13__Total_final_energy_consumption,Energy balance (PJ),Other bituminous coal,charts/esto__13__Total_final_energy_consumption__Energy_balance__PJ__Other_bituminous_coal.html,13 Total final energy consumption,01.02 Other bituminous coal
Other transformation and transfers > Demand > Total final energy consumption,esto__13__Total_final_energy_consumption,Energy balance (PJ),Other liquid biofuels,charts/esto__13__Total_final_energy_consumption__Energy_balance__PJ__Other_liquid_biofuels.html,13 Total final energy consumption,16.08 Other liquid biofuels
Other transformation and transfers > Demand > Total final energy consumption,esto__13__Total_final_energy_consumption,Energy balance (PJ),Other products,charts/esto__13__Total_final_energy_consumption__Energy_balance__PJ__Other_products.html,13 Total final energy consumption,07.17 Other products
Other transformation and transfers > Demand > Total final energy consumption,esto__13__Total_final_energy_consumption,Energy balance (PJ),Other recovered gases,charts/esto__13__Total_final_energy_consumption__Energy_balance__PJ__Other_recovered_gases.html,13 Total final energy consumption,02.05 Other recovered gases
Other transformation and transfers > Demand > Total final energy consumption,esto__13__Total_final_energy_consumption,Energy balance (PJ),Other sources,charts/esto__13__Total_final_energy_consumption__Energy_balance__PJ__Other_sources.html,13 Total final energy consumption,16.09 Other sources
Other transformation and transfers > Demand > Total final energy consumption,esto__13__Total_final_energy_consumption,Energy balance (PJ),Others,charts/esto__13__Total_final_energy_consumption__Energy_balance__PJ__Others.html,13 Total final energy consumption,16 Others
Other transformation and transfers > Demand > Total final energy consumption,esto__13__Total_final_energy_consumption,Energy balance (PJ),Paraffin waxes,charts/esto__13__Total_final_energy_consumption__Energy_balance__PJ__Paraffin_waxes.html,13 Total final energy consumption,07.15 Paraffin waxes
Other transformation and transfers > Demand > Total final energy consumption,esto__13__Total_final_energy_consumption,Energy balance (PJ),Patent fuel,charts/esto__13__Total_final_energy_consumption__Energy_balance__PJ__Patent_fuel.html,13 Total final energy consumption,02.06 Patent fuel
Other transformation and transfers > Demand > Total final energy consumption,esto__13__Total_final_energy_consumption,Energy balance (PJ),PetProd nonspecified,charts/esto__13__Total_final_energy_consumption__Energy_balance__PJ__PetProd_nonspecified.html,13 Total final energy consumption,07.99 PetProd nonspecified
Other transformation and transfers > Demand > Total final energy consumption,esto__13__Total_final_energy_consumption,Energy balance (PJ),Refinery gas (not liquefied),charts/esto__13__Total_final_energy_consumption__Energy_balance__PJ__Refinery_gas__not_liquefied.html,13 Total final energy consumption,07.10 Refinery gas (not liquefied)
Other transformation and transfers > Demand > Total final energy consumption,esto__13__Total_final_energy_consumption,Energy balance (PJ),Solar nonspecified,charts/esto__13__Total_final_energy_consumption__Energy_balance__PJ__Solar_nonspecified.html,13 Total final energy consumption,12.99 Solar nonspecified
Other transformation and transfers > Demand > Total final energy consumption,esto__13__Total_final_energy_consumption,Energy balance (PJ),Solid biomass,charts/esto__13__Total_final_energy_consumption__Energy_balance__PJ__Solid_biomass.html,13 Total final energy consumption,15 Solid biomass
Other transformation and transfers > Demand > Total final energy consumption,esto__13__Total_final_energy_consumption,Energy balance (PJ),Sub-bituminous coal,charts/esto__13__Total_final_energy_consumption__Energy_balance__PJ__Sub-bituminous_coal.html,13 Total final energy consumption,01.03 Sub-bituminous coal
Other transformation and transfers > Demand > Total final energy consumption,esto__13__Total_final_energy_consumption,Energy balance (PJ),White spirit SBP,charts/esto__13__Total_final_energy_consumption__Energy_balance__PJ__White_spirit_SBP.html,13 Total final energy consumption,07.12 White spirit SBP
Other transformation and transfers > Supply,Supply,Energy balance (PJ),Total,charts/aggregate__Other_transformation_and_transfers__Supply__Energy_balance__PJ__Total.html,,
Power,Power,Outputs (PJ),Total,charts/aggregate__Power__Outputs__PJ__Total.html,,
Transport,Transport,Energy balance (PJ),Total,charts/aggregate__Transport_sector__Energy_balance__PJ__Total.html,,
