dashboard_path,node_esto_flow,graph_id,measure,selection_mode,available_esto_products,products_selected,excluded_products,available_not_shown
Buildings > Commercial and public services,16.01 Commercial and public services,graph_1,Energy balance (PJ),all,01.02 Other bituminous coal; 01.03 Sub-bituminous coal; 01.04 Anthracite; 07.01 Motor gasoline; 07.06 Kerosene; 07.07 Gas/diesel oil; 07.08 Fuel oil; 07.09 LPG; 12.99 Solar nonspecified; 15.05 Other biomass; 16.01 Biogas; 16.03 Municipal solid waste (renewable); 16.04 Municipal solid waste (non-renewable); 16.06 Biodiesel; 17 Electricity; 18 Heat,01.02 Other bituminous coal; 01.03 Sub-bituminous coal; 01.04 Anthracite; 07.01 Motor gasoline; 07.06 Kerosene; 07.07 Gas/diesel oil; 07.08 Fuel oil; 07.09 LPG; 12.99 Solar nonspecified; 15.05 Other biomass; 16.01 Biogas; 16.03 Municipal solid waste (renewable); 16.04 Municipal solid waste (non-renewable); 16.06 Biodiesel; 17 Electricity; 18 Heat,,
Buildings > Datacentres,16.01.01 Datacentres,graph_1,Energy balance (PJ),all,,,,
Buildings > Residential,16.02 Residential,graph_1,Energy balance (PJ),all,07.06 Kerosene; 07.07 Gas/diesel oil; 07.09 LPG; 11 Geothermal; 12.99 Solar nonspecified; 15.05 Other biomass; 16.06 Biodiesel; 17 Electricity,07.06 Kerosene; 07.07 Gas/diesel oil; 07.09 LPG; 11 Geothermal; 12.99 Solar nonspecified; 15.05 Other biomass; 16.06 Biodiesel; 17 Electricity,,
Bunkers > International aviation bunkers,05 International aviation bunkers,graph_1,Energy balance (PJ),all,07.01 Motor gasoline; 07.02 Aviation gasoline; 07.05 Kerosene type jet fuel; 16.12 Hydrogen,07.01 Motor gasoline; 07.02 Aviation gasoline; 07.05 Kerosene type jet fuel; 16.12 Hydrogen,,
Bunkers > International marine bunkers,04 International marine bunkers,graph_1,Energy balance (PJ),all,07.01 Motor gasoline; 07.07 Gas/diesel oil; 07.08 Fuel oil; 07.09 LPG; 08.01 Natural gas; 08.02 LNG,07.01 Motor gasoline; 07.07 Gas/diesel oil; 07.08 Fuel oil; 07.09 LPG; 08.01 Natural gas; 08.02 LNG,,
Industry > Construction,14.02 Construction,graph_1,Energy balance (PJ),all,07.07 Gas/diesel oil; 07.09 LPG; 08.01 Natural gas; 15 Solid biomass; 15.01 Fuelwood & woodwaste; 15.02 Bagasse; 15.03 Charcoal; 15.04 Black liqour; 15.05 Other biomass; 16 Others; 16.01 Biogas; 16.02 Industrial waste; 16.03 Municipal solid waste (renewable); 16.04 Municipal solid waste (non-renewable); 16.05 Biogasoline; 16.06 Biodiesel; 16.07 Bio jet kerosene; 16.08 Other liquid biofuels; 16.09 Other sources; 17 Electricity,07.07 Gas/diesel oil; 07.09 LPG; 08.01 Natural gas; 15 Solid biomass; 15.01 Fuelwood & woodwaste; 15.02 Bagasse; 15.03 Charcoal; 15.04 Black liqour; 15.05 Other biomass; 16 Others; 16.01 Biogas; 16.02 Industrial waste; 16.03 Municipal solid waste (renewable); 16.04 Municipal solid waste (non-renewable); 16.05 Biogasoline; 16.06 Biodiesel; 16.07 Bio jet kerosene; 16.08 Other liquid biofuels; 16.09 Other sources; 17 Electricity,,
Industry > Manufacturing > Chemical (incl. petrochemical),14.03.02 Chemical (incl. petrochemical),graph_1,Energy balance (PJ),all,01.02 Other bituminous coal; 01.03 Sub-bituminous coal; 01.04 Anthracite; 01.05 Lignite; 01.99 Coal nonspecified; 07.02 Aviation gasoline; 07.03 Naphtha; 07.04 Gasoline type jet fuel; 07.05 Kerosene type jet fuel; 07.06 Kerosene; 07.07 Gas/diesel oil; 07.08 Fuel oil; 07.09 LPG; 07.10 Refinery gas (not liquefied); 07.11 Ethane; 07.12 White spirit SBP; 07.13 Lubricants; 07.14 Bitumen; 07.15 Paraffin waxes; 07.16 Petroleum coke; 07.17 Other products; 07.99 PetProd nonspecified; 08.01 Natural gas; 15 Solid biomass; 15.01 Fuelwood & woodwaste; 15.02 Bagasse; 15.03 Charcoal; 15.04 Black liqour; 15.05 Other biomass; 16 Others; 16.01 Biogas; 16.02 Industrial waste; 16.03 Municipal solid waste (renewable); 16.04 Municipal solid waste (non-renewable); 16.05 Biogasoline; 16.06 Biodiesel; 16.07 Bio jet kerosene; 16.08 Other liquid biofuels; 16.09 Other sources; 17 Electricity; 18 Heat,01.02 Other bituminous coal; 01.03 Sub-bituminous coal; 01.04 Anthracite; 01.05 Lignite; 01.99 Coal nonspecified; 07.02 Aviation gasoline; 07.03 Naphtha; 07.04 Gasoline type jet fuel; 07.05 Kerosene type jet fuel; 07.06 Kerosene; 07.07 Gas/diesel oil; 07.08 Fuel oil; 07.09 LPG; 07.10 Refinery gas (not liquefied); 07.11 Ethane; 07.12 White spirit SBP; 07.13 Lubricants; 07.14 Bitumen; 07.15 Paraffin waxes; 07.16 Petroleum coke; 07.17 Other products; 07.99 PetProd nonspecified; 08.01 Natural gas; 15 Solid biomass; 15.01 Fuelwood & woodwaste; 15.02 Bagasse; 15.03 Charcoal; 15.04 Black liqour; 15.05 Other biomass; 16 Others; 16.01 Biogas; 16.02 Industrial waste; 16.03 Municipal solid waste (renewable); 16.04 Municipal solid waste (non-renewable); 16.05 Biogasoline; 16.06 Biodiesel; 16.07 Bio jet kerosene; 16.08 Other liquid biofuels; 16.09 Other sources; 17 Electricity; 18 Heat,,
"Industry > Manufacturing > Food, beverages and tobacco","14.03.07 Food, beverages and tobacco",graph_1,Energy balance (PJ),all,01.02 Other bituminous coal; 01.03 Sub-bituminous coal; 01.04 Anthracite; 01.05 Lignite; 01.99 Coal nonspecified; 07.07 Gas/diesel oil; 07.08 Fuel oil; 07.09 LPG; 08.01 Natural gas; 15 Solid biomass; 15.01 Fuelwood & woodwaste; 15.02 Bagasse; 15.03 Charcoal; 15.04 Black liqour; 15.05 Other biomass; 16 Others; 16.01 Biogas; 16.02 Industrial waste; 16.03 Municipal solid waste (renewable); 16.04 Municipal solid waste (non-renewable); 16.05 Biogasoline; 16.06 Biodiesel; 16.07 Bio jet kerosene; 16.08 Other liquid biofuels; 16.09 Other sources; 17 Electricity; 18 Heat,01.02 Other bituminous coal; 01.03 Sub-bituminous coal; 01.04 Anthracite; 01.05 Lignite; 01.99 Coal nonspecified; 07.07 Gas/diesel oil; 07.08 Fuel oil; 07.09 LPG; 08.01 Natural gas; 15 Solid biomass; 15.01 Fuelwood & woodwaste; 15.02 Bagasse; 15.03 Charcoal; 15.04 Black liqour; 15.05 Other biomass; 16 Others; 16.01 Biogas; 16.02 Industrial waste; 16.03 Municipal solid waste (renewable); 16.04 Municipal solid waste (non-renewable); 16.05 Biogasoline; 16.06 Biodiesel; 16.07 Bio jet kerosene; 16.08 Other liquid biofuels; 16.09 Other sources; 17 Electricity; 18 Heat,,
Industry > Manufacturing > Iron and steel,14.03.01 Iron and steel,graph_1,Energy balance (PJ),all,01.02 Other bituminous coal; 01.03 Sub-bituminous coal; 01.04 Anthracite; 01.99 Coal nonspecified; 02.01 Coke oven coke; 02.02 Gas coke; 02.03 Coke oven gas; 02.04 Blast furnace gas; 02.05 Other recovered gases; 02.06 Patent fuel; 02.07 Coal tar; 02.08 BKB/PB; 07.07 Gas/diesel oil; 07.08 Fuel oil; 07.09 LPG; 08.01 Natural gas; 15 Solid biomass; 15.01 Fuelwood & woodwaste; 15.02 Bagasse; 15.03 Charcoal; 15.04 Black liqour; 15.05 Other biomass; 16 Others; 16.01 Biogas; 16.02 Industrial waste; 16.03 Municipal solid waste (renewable); 16.04 Municipal solid waste (non-renewable); 16.05 Biogasoline; 16.06 Biodiesel; 16.07 Bio jet kerosene; 16.08 Other liquid biofuels; 16.09 Other sources; 16.12 Hydrogen; 17 Electricity; 18 Heat,01.02 Other bituminous coal; 01.03 Sub-bituminous coal; 01.04 Anthracite; 01.99 Coal nonspecified; 02.01 Coke oven coke; 02.02 Gas coke; 02.03 Coke oven gas; 02.04 Blast furnace gas; 02.05 Other recovered gases; 02.06 Patent fuel; 02.07 Coal tar; 02.08 BKB/PB; 07.07 Gas/diesel oil; 07.08 Fuel oil; 07.09 LPG; 08.01 Natural gas; 15 Solid biomass; 15.01 Fuelwood & woodwaste; 15.02 Bagasse; 15.03 Charcoal; 15.04 Black liqour; 15.05 Other biomass; 16 Others; 16.01 Biogas; 16.02 Industrial waste; 16.03 Municipal solid waste (renewable); 16.04 Municipal solid waste (non-renewable); 16.05 Biogasoline; 16.06 Biodiesel; 16.07 Bio jet kerosene; 16.08 Other liquid biofuels; 16.09 Other sources; 16.12 Hydrogen; 17 Electricity; 18 Heat,,
Industry > Manufacturing > Machinery,14.03.06 Machinery,graph_1,Energy balance (PJ),all,01.02 Other bituminous coal; 01.03 Sub-bituminous coal; 01.04 Anthracite; 01.99 Coal nonspecified; 07.02 Aviation gasoline; 07.03 Naphtha; 07.04 Gasoline type jet fuel; 07.05 Kerosene type jet fuel; 07.06 Kerosene; 07.07 Gas/diesel oil; 07.09 LPG; 07.10 Refinery gas (not liquefied); 07.11 Ethane; 07.12 White spirit SBP; 07.13 Lubricants; 07.14 Bitumen; 07.15 Paraffin waxes; 07.16 Petroleum coke; 07.17 Other products; 07.99 PetProd nonspecified; 08.01 Natural gas; 15 Solid biomass; 15.01 Fuelwood & woodwaste; 15.02 Bagasse; 15.03 Charcoal; 15.04 Black liqour; 15.05 Other biomass; 16 Others; 16.01 Biogas; 16.02 Industrial waste; 16.03 Municipal solid waste (renewable); 16.04 Municipal solid waste (non-renewable); 16.05 Biogasoline; 16.06 Biodiesel; 16.07 Bio jet kerosene; 16.08 Other liquid biofuels; 16.09 Other sources; 17 Electricity; 18 Heat,01.02 Other bituminous coal; 01.03 Sub-bituminous coal; 01.04 Anthracite; 01.99 Coal nonspecified; 07.02 Aviation gasoline; 07.03 Naphtha; 07.04 Gasoline type jet fuel; 07.05 Kerosene type jet fuel; 07.06 Kerosene; 07.07 Gas/diesel oil; 07.09 LPG; 07.10 Refinery gas (not liquefied); 07.11 Ethane; 07.12 White spirit SBP; 07.13 Lubricants; 07.14 Bitumen; 07.15 Paraffin waxes; 07.16 Petroleum coke; 07.17 Other products; 07.99 PetProd nonspecified; 08.01 Natural gas; 15 Solid biomass; 15.01 Fuelwood & woodwaste; 15.02 Bagasse; 15.03 Charcoal; 15.04 Black liqour; 15.05 Other biomass; 16 Others; 16.01 Biogas; 16.02 Industrial waste; 16.03 Municipal solid waste (renewable); 16.04 Municipal solid waste (non-renewable); 16.05 Biogasoline; 16.06 Biodiesel; 16.07 Bio jet kerosene; 16.08 Other liquid biofuels; 16.09 Other sources; 17 Electricity; 18 Heat,,
Industry > Manufacturing > Non ferrous metals,14.03.03 Non ferrous metals,graph_1,Energy balance (PJ),all,07.02 Aviation gasoline; 07.03 Naphtha; 07.04 Gasoline type jet fuel; 07.05 Kerosene type jet fuel; 07.06 Kerosene; 07.07 Gas/diesel oil; 07.09 LPG; 07.10 Refinery gas (not liquefied); 07.11 Ethane; 07.12 White spirit SBP; 07.13 Lubricants; 07.14 Bitumen; 07.15 Paraffin waxes; 07.16 Petroleum coke; 07.17 Other products; 07.99 PetProd nonspecified; 08.01 Natural gas; 15 Solid biomass; 15.01 Fuelwood & woodwaste; 15.02 Bagasse; 15.03 Charcoal; 15.04 Black liqour; 15.05 Other biomass; 16 Others; 16.01 Biogas; 16.02 Industrial waste; 16.03 Municipal solid waste (renewable); 16.04 Municipal solid waste (non-renewable); 16.05 Biogasoline; 16.06 Biodiesel; 16.07 Bio jet kerosene; 16.08 Other liquid biofuels; 16.09 Other sources; 17 Electricity; 18 Heat,07.02 Aviation gasoline; 07.03 Naphtha; 07.04 Gasoline type jet fuel; 07.05 Kerosene type jet fuel; 07.06 Kerosene; 07.07 Gas/diesel oil; 07.09 LPG; 07.10 Refinery gas (not liquefied); 07.11 Ethane; 07.12 White spirit SBP; 07.13 Lubricants; 07.14 Bitumen; 07.15 Paraffin waxes; 07.16 Petroleum coke; 07.17 Other products; 07.99 PetProd nonspecified; 08.01 Natural gas; 15 Solid biomass; 15.01 Fuelwood & woodwaste; 15.02 Bagasse; 15.03 Charcoal; 15.04 Black liqour; 15.05 Other biomass; 16 Others; 16.01 Biogas; 16.02 Industrial waste; 16.03 Municipal solid waste (renewable); 16.04 Municipal solid waste (non-renewable); 16.05 Biogasoline; 16.06 Biodiesel; 16.07 Bio jet kerosene; 16.08 Other liquid biofuels; 16.09 Other sources; 17 Electricity; 18 Heat,,
Industry > Manufacturing > Non-metallic mineral products,14.03.04 Non-metallic mineral products,graph_1,Energy balance (PJ),all,01.02 Other bituminous coal; 01.03 Sub-bituminous coal; 01.04 Anthracite; 01.99 Coal nonspecified; 07.02 Aviation gasoline; 07.03 Naphtha; 07.04 Gasoline type jet fuel; 07.05 Kerosene type jet fuel; 07.06 Kerosene; 07.07 Gas/diesel oil; 07.08 Fuel oil; 07.09 LPG; 07.10 Refinery gas (not liquefied); 07.11 Ethane; 07.12 White spirit SBP; 07.13 Lubricants; 07.14 Bitumen; 07.15 Paraffin waxes; 07.16 Petroleum coke; 07.17 Other products; 07.99 PetProd nonspecified; 08.01 Natural gas; 15 Solid biomass; 15.01 Fuelwood & woodwaste; 15.02 Bagasse; 15.03 Charcoal; 15.04 Black liqour; 15.05 Other biomass; 16 Others; 16.01 Biogas; 16.02 Industrial waste; 16.03 Municipal solid waste (renewable); 16.04 Municipal solid waste (non-renewable); 16.05 Biogasoline; 16.06 Biodiesel; 16.07 Bio jet kerosene; 16.08 Other liquid biofuels; 16.09 Other sources; 17 Electricity; 18 Heat,01.02 Other bituminous coal; 01.03 Sub-bituminous coal; 01.04 Anthracite; 01.99 Coal nonspecified; 07.02 Aviation gasoline; 07.03 Naphtha; 07.04 Gasoline type jet fuel; 07.05 Kerosene type jet fuel; 07.06 Kerosene; 07.07 Gas/diesel oil; 07.08 Fuel oil; 07.09 LPG; 07.10 Refinery gas (not liquefied); 07.11 Ethane; 07.12 White spirit SBP; 07.13 Lubricants; 07.14 Bitumen; 07.15 Paraffin waxes; 07.16 Petroleum coke; 07.17 Other products; 07.99 PetProd nonspecified; 08.01 Natural gas; 15 Solid biomass; 15.01 Fuelwood & woodwaste; 15.02 Bagasse; 15.03 Charcoal; 15.04 Black liqour; 15.05 Other biomass; 16 Others; 16.01 Biogas; 16.02 Industrial waste; 16.03 Municipal solid waste (renewable); 16.04 Municipal solid waste (non-renewable); 16.05 Biogasoline; 16.06 Biodiesel; 16.07 Bio jet kerosene; 16.08 Other liquid biofuels; 16.09 Other sources; 17 Electricity; 18 Heat,,
Industry > Manufacturing > Non-specified industry,14.03.11 Non-specified industry,graph_1,Energy balance (PJ),all,01.02 Other bituminous coal; 01.03 Sub-bituminous coal; 01.04 Anthracite; 01.99 Coal nonspecified; 02.01 Coke oven coke; 02.02 Gas coke; 02.03 Coke oven gas; 02.04 Blast furnace gas; 02.05 Other recovered gases; 02.06 Patent fuel; 02.07 Coal tar; 02.08 BKB/PB; 07.02 Aviation gasoline; 07.03 Naphtha; 07.04 Gasoline type jet fuel; 07.05 Kerosene type jet fuel; 07.06 Kerosene; 07.07 Gas/diesel oil; 07.09 LPG; 07.10 Refinery gas (not liquefied); 07.11 Ethane; 07.12 White spirit SBP; 07.13 Lubricants; 07.14 Bitumen; 07.15 Paraffin waxes; 07.16 Petroleum coke; 07.17 Other products; 07.99 PetProd nonspecified; 08.01 Natural gas; 15 Solid biomass; 15.01 Fuelwood & woodwaste; 15.02 Bagasse; 15.03 Charcoal; 15.04 Black liqour; 15.05 Other biomass; 16 Others; 16.01 Biogas; 16.02 Industrial waste; 16.03 Municipal solid waste (renewable); 16.04 Municipal solid waste (non-renewable); 16.05 Biogasoline; 16.06 Biodiesel; 16.07 Bio jet kerosene; 16.08 Other liquid biofuels; 16.09 Other sources; 17 Electricity; 18 Heat,01.02 Other bituminous coal; 01.03 Sub-bituminous coal; 01.04 Anthracite; 01.99 Coal nonspecified; 02.01 Coke oven coke; 02.02 Gas coke; 02.03 Coke oven gas; 02.04 Blast furnace gas; 02.05 Other recovered gases; 02.06 Patent fuel; 02.07 Coal tar; 02.08 BKB/PB; 07.02 Aviation gasoline; 07.03 Naphtha; 07.04 Gasoline type jet fuel; 07.05 Kerosene type jet fuel; 07.06 Kerosene; 07.07 Gas/diesel oil; 07.09 LPG; 07.10 Refinery gas (not liquefied); 07.11 Ethane; 07.12 White spirit SBP; 07.13 Lubricants; 07.14 Bitumen; 07.15 Paraffin waxes; 07.16 Petroleum coke; 07.17 Other products; 07.99 PetProd nonspecified; 08.01 Natural gas; 15 Solid biomass; 15.01 Fuelwood & woodwaste; 15.02 Bagasse; 15.03 Charcoal; 15.04 Black liqour; 15.05 Other biomass; 16 Others; 16.01 Biogas; 16.02 Industrial waste; 16.03 Municipal solid waste (renewable); 16.04 Municipal solid waste (non-renewable); 16.05 Biogasoline; 16.06 Biodiesel; 16.07 Bio jet kerosene; 16.08 Other liquid biofuels; 16.09 Other sources; 17 Electricity; 18 Heat,,
"Industry > Manufacturing > Pulp, paper and printing","14.03.08 Pulp, paper and printing",graph_1,Energy balance (PJ),all,01.02 Other bituminous coal; 01.03 Sub-bituminous coal; 01.04 Anthracite; 01.99 Coal nonspecified; 07.02 Aviation gasoline; 07.03 Naphtha; 07.04 Gasoline type jet fuel; 07.05 Kerosene type jet fuel; 07.06 Kerosene; 07.07 Gas/diesel oil; 07.08 Fuel oil; 07.09 LPG; 07.10 Refinery gas (not liquefied); 07.11 Ethane; 07.12 White spirit SBP; 07.13 Lubricants; 07.14 Bitumen; 07.15 Paraffin waxes; 07.16 Petroleum coke; 07.17 Other products; 07.99 PetProd nonspecified; 08.01 Natural gas; 15 Solid biomass; 15.01 Fuelwood & woodwaste; 15.02 Bagasse; 15.03 Charcoal; 15.04 Black liqour; 15.05 Other biomass; 16 Others; 16.01 Biogas; 16.02 Industrial waste; 16.03 Municipal solid waste (renewable); 16.04 Municipal solid waste (non-renewable); 16.05 Biogasoline; 16.06 Biodiesel; 16.07 Bio jet kerosene; 16.08 Other liquid biofuels; 16.09 Other sources; 17 Electricity; 18 Heat,01.02 Other bituminous coal; 01.03 Sub-bituminous coal; 01.04 Anthracite; 01.99 Coal nonspecified; 07.02 Aviation gasoline; 07.03 Naphtha; 07.04 Gasoline type jet fuel; 07.05 Kerosene type jet fuel; 07.06 Kerosene; 07.07 Gas/diesel oil; 07.08 Fuel oil; 07.09 LPG; 07.10 Refinery gas (not liquefied); 07.11 Ethane; 07.12 White spirit SBP; 07.13 Lubricants; 07.14 Bitumen; 07.15 Paraffin waxes; 07.16 Petroleum coke; 07.17 Other products; 07.99 PetProd nonspecified; 08.01 Natural gas; 15 Solid biomass; 15.01 Fuelwood & woodwaste; 15.02 Bagasse; 15.03 Charcoal; 15.04 Black liqour; 15.05 Other biomass; 16 Others; 16.01 Biogas; 16.02 Industrial waste; 16.03 Municipal solid waste (renewable); 16.04 Municipal solid waste (non-renewable); 16.05 Biogasoline; 16.06 Biodiesel; 16.07 Bio jet kerosene; 16.08 Other liquid biofuels; 16.09 Other sources; 17 Electricity; 18 Heat,,
Industry > Manufacturing > Textiles and leather,14.03.10 Textiles and leather,graph_1,Energy balance (PJ),all,01.02 Other bituminous coal; 01.03 Sub-bituminous coal; 01.04 Anthracite; 01.99 Coal nonspecified; 08.01 Natural gas; 17 Electricity; 18 Heat,01.02 Other bituminous coal; 01.03 Sub-bituminous coal; 01.04 Anthracite; 01.99 Coal nonspecified; 08.01 Natural gas; 17 Electricity; 18 Heat,,
Industry > Manufacturing > Transportation equipment,14.03.05 Transportation equipment,graph_1,Energy balance (PJ),all,07.07 Gas/diesel oil; 07.08 Fuel oil; 07.09 LPG; 08.01 Natural gas; 15 Solid biomass; 15.01 Fuelwood & woodwaste; 15.02 Bagasse; 15.03 Charcoal; 15.04 Black liqour; 15.05 Other biomass; 16 Others; 16.01 Biogas; 16.02 Industrial waste; 16.03 Municipal solid waste (renewable); 16.04 Municipal solid waste (non-renewable); 16.05 Biogasoline; 16.06 Biodiesel; 16.07 Bio jet kerosene; 16.08 Other liquid biofuels; 16.09 Other sources; 17 Electricity; 18 Heat,07.07 Gas/diesel oil; 07.08 Fuel oil; 07.09 LPG; 08.01 Natural gas; 15 Solid biomass; 15.01 Fuelwood & woodwaste; 15.02 Bagasse; 15.03 Charcoal; 15.04 Black liqour; 15.05 Other biomass; 16 Others; 16.01 Biogas; 16.02 Industrial waste; 16.03 Municipal solid waste (renewable); 16.04 Municipal solid waste (non-renewable); 16.05 Biogasoline; 16.06 Biodiesel; 16.07 Bio jet kerosene; 16.08 Other liquid biofuels; 16.09 Other sources; 17 Electricity; 18 Heat,,
Industry > Manufacturing > Wood and wood products,14.03.09 Wood and wood products,graph_1,Energy balance (PJ),all,07.07 Gas/diesel oil; 07.08 Fuel oil; 07.09 LPG; 08.01 Natural gas; 15 Solid biomass; 15.01 Fuelwood & woodwaste; 15.02 Bagasse; 15.03 Charcoal; 15.04 Black liqour; 15.05 Other biomass; 16 Others; 16.01 Biogas; 16.02 Industrial waste; 16.03 Municipal solid waste (renewable); 16.04 Municipal solid waste (non-renewable); 16.05 Biogasoline; 16.06 Biodiesel; 16.07 Bio jet kerosene; 16.08 Other liquid biofuels; 16.09 Other sources; 17 Electricity; 18 Heat,07.07 Gas/diesel oil; 07.08 Fuel oil; 07.09 LPG; 08.01 Natural gas; 15 Solid biomass; 15.01 Fuelwood & woodwaste; 15.02 Bagasse; 15.03 Charcoal; 15.04 Black liqour; 15.05 Other biomass; 16 Others; 16.01 Biogas; 16.02 Industrial waste; 16.03 Municipal solid waste (renewable); 16.04 Municipal solid waste (non-renewable); 16.05 Biogasoline; 16.06 Biodiesel; 16.07 Bio jet kerosene; 16.08 Other liquid biofuels; 16.09 Other sources; 17 Electricity; 18 Heat,,
Industry > Mining and quarrying,14.01 Mining and quarrying,graph_1,Energy balance (PJ),all,07.01 Motor gasoline; 07.07 Gas/diesel oil; 07.08 Fuel oil; 08.01 Natural gas; 15 Solid biomass; 15.01 Fuelwood & woodwaste; 15.02 Bagasse; 15.03 Charcoal; 15.04 Black liqour; 15.05 Other biomass; 16 Others; 16.01 Biogas; 16.02 Industrial waste; 16.03 Municipal solid waste (renewable); 16.04 Municipal solid waste (non-renewable); 16.05 Biogasoline; 16.06 Biodiesel; 16.07 Bio jet kerosene; 16.08 Other liquid biofuels; 16.09 Other sources; 17 Electricity,07.01 Motor gasoline; 07.07 Gas/diesel oil; 07.08 Fuel oil; 08.01 Natural gas; 15 Solid biomass; 15.01 Fuelwood & woodwaste; 15.02 Bagasse; 15.03 Charcoal; 15.04 Black liqour; 15.05 Other biomass; 16 Others; 16.01 Biogas; 16.02 Industrial waste; 16.03 Municipal solid waste (renewable); 16.04 Municipal solid waste (non-renewable); 16.05 Biogasoline; 16.06 Biodiesel; 16.07 Bio jet kerosene; 16.08 Other liquid biofuels; 16.09 Other sources; 17 Electricity,,
Other transformation and transfers > Demand > Total final energy consumption,13 Total final energy consumption,graph_1,Energy balance (PJ),all,01.02 Other bituminous coal; 01.03 Sub-bituminous coal; 01.04 Anthracite; 01.05 Lignite; 01.99 Coal nonspecified; 02.01 Coke oven coke; 02.02 Gas coke; 02.03 Coke oven gas; 02.04 Blast furnace gas; 02.05 Other recovered gases; 02.06 Patent fuel; 02.07 Coal tar; 02.08 BKB/PB; 07.01 Motor gasoline; 07.02 Aviation gasoline; 07.03 Naphtha; 07.04 Gasoline type jet fuel; 07.05 Kerosene type jet fuel; 07.06 Kerosene; 07.07 Gas/diesel oil; 07.08 Fuel oil; 07.09 LPG; 07.10 Refinery gas (not liquefied); 07.11 Ethane; 07.12 White spirit SBP; 07.13 Lubricants; 07.14 Bitumen; 07.15 Paraffin waxes; 07.17 Other products; 07.99 PetProd nonspecified; 08.02 LNG; 11 Geothermal; 12.99 Solar nonspecified; 15 Solid biomass; 15.01 Fuelwood & woodwaste; 15.02 Bagasse; 15.03 Charcoal; 15.04 Black liqour; 15.05 Other biomass; 16 Others; 16.01 Biogas; 16.02 Industrial waste; 16.03 Municipal solid waste (renewable); 16.04 Municipal solid waste (non-renewable); 16.05 Biogasoline; 16.06 Biodiesel; 16.07 Bio jet kerosene; 16.08 Other liquid biofuels; 16.09 Other sources; 16.11 E-fuel; 16.12 Hydrogen; 17 Electricity; 18 Heat,01.02 Other bituminous coal; 01.03 Sub-bituminous coal; 01.04 Anthracite; 01.05 Lignite; 01.99 Coal nonspecified; 02.01 Coke oven coke; 02.02 Gas coke; 02.03 Coke oven gas; 02.04 Blast furnace gas; 02.05 Other recovered gases; 02.06 Patent fuel; 02.07 Coal tar; 02.08 BKB/PB; 07.01 Motor gasoline; 07.02 Aviation gasoline; 07.03 Naphtha; 07.04 Gasoline type jet fuel; 07.05 Kerosene type jet fuel; 07.06 Kerosene; 07.07 Gas/diesel oil; 07.08 Fuel oil; 07.09 LPG; 07.10 Refinery gas (not liquefied); 07.11 Ethane; 07.12 White spirit SBP; 07.13 Lubricants; 07.14 Bitumen; 07.15 Paraffin waxes; 07.17 Other products; 07.99 PetProd nonspecified; 08.02 LNG; 11 Geothermal; 12.99 Solar nonspecified; 15 Solid biomass; 15.01 Fuelwood & woodwaste; 15.02 Bagasse; 15.03 Charcoal; 15.04 Black liqour; 15.05 Other biomass; 16 Others; 16.01 Biogas; 16.02 Industrial waste; 16.03 Municipal solid waste (renewable); 16.04 Municipal solid waste (non-renewable); 16.05 Biogasoline; 16.06 Biodiesel; 16.07 Bio jet kerosene; 16.08 Other liquid biofuels; 16.09 Other sources; 16.11 E-fuel; 16.12 Hydrogen; 17 Electricity; 18 Heat,,
Other transformation and transfers > Supply > Exports,03 Exports,graph_1,Energy balance (PJ),all,01.01 Coking coal; 01.05 Lignite; 02.01 Coke oven coke; 02.04 Blast furnace gas; 02.08 BKB/PB; 06.02 Natural gas liquids; 06.03 Refinery feedstocks; 06.04 Additives/ oxygenates; 06.05 Other hydrocarbons; 07.01 Motor gasoline; 07.02 Aviation gasoline; 07.03 Naphtha; 07.06 Kerosene; 07.07 Gas/diesel oil; 07.08 Fuel oil; 07.09 LPG; 07.10 Refinery gas (not liquefied); 07.11 Ethane; 07.14 Bitumen; 07.16 Petroleum coke; 07.99 PetProd nonspecified; 08.01 Natural gas; 08.02 LNG; 15 Solid biomass; 15.03 Charcoal; 16.05 Biogasoline; 16.06 Biodiesel; 16.10 Ammonia; 16.11 E-fuel; 17 Electricity; 18 Heat,01.01 Coking coal; 01.05 Lignite; 02.01 Coke oven coke; 02.04 Blast furnace gas; 02.08 BKB/PB; 06.02 Natural gas liquids; 06.03 Refinery feedstocks; 06.04 Additives/ oxygenates; 06.05 Other hydrocarbons; 07.01 Motor gasoline; 07.02 Aviation gasoline; 07.03 Naphtha; 07.06 Kerosene; 07.07 Gas/diesel oil; 07.08 Fuel oil; 07.09 LPG; 07.10 Refinery gas (not liquefied); 07.11 Ethane; 07.14 Bitumen; 07.16 Petroleum coke; 07.99 PetProd nonspecified; 08.01 Natural gas; 08.02 LNG; 15 Solid biomass; 15.03 Charcoal; 16.05 Biogasoline; 16.06 Biodiesel; 16.10 Ammonia; 16.11 E-fuel; 17 Electricity; 18 Heat,,
Other transformation and transfers > Supply > Imports,02 Imports,graph_1,Energy balance (PJ),all,01.02 Other bituminous coal; 02.01 Coke oven coke; 02.02 Gas coke; 02.03 Coke oven gas; 02.05 Other recovered gases; 02.06 Patent fuel; 02.07 Coal tar; 02.08 BKB/PB; 06.01 Crude oil; 06.03 Refinery feedstocks; 06.04 Additives/ oxygenates; 06.05 Other hydrocarbons; 07.01 Motor gasoline; 07.04 Gasoline type jet fuel; 07.05 Kerosene type jet fuel; 07.06 Kerosene; 07.08 Fuel oil; 07.10 Refinery gas (not liquefied); 07.12 White spirit SBP; 07.13 Lubricants; 07.14 Bitumen; 07.15 Paraffin waxes; 07.16 Petroleum coke; 07.17 Other products; 08.01 Natural gas; 09 Nuclear; 15 Solid biomass; 15.03 Charcoal; 16 Others; 16.02 Industrial waste; 16.09 Other sources; 16.10 Ammonia; 16.12 Hydrogen; 17 Electricity; 18 Heat,01.02 Other bituminous coal; 02.01 Coke oven coke; 02.02 Gas coke; 02.03 Coke oven gas; 02.05 Other recovered gases; 02.06 Patent fuel; 02.07 Coal tar; 02.08 BKB/PB; 06.01 Crude oil; 06.03 Refinery feedstocks; 06.04 Additives/ oxygenates; 06.05 Other hydrocarbons; 07.01 Motor gasoline; 07.04 Gasoline type jet fuel; 07.05 Kerosene type jet fuel; 07.06 Kerosene; 07.08 Fuel oil; 07.10 Refinery gas (not liquefied); 07.12 White spirit SBP; 07.13 Lubricants; 07.14 Bitumen; 07.15 Paraffin waxes; 07.16 Petroleum coke; 07.17 Other products; 08.01 Natural gas; 09 Nuclear; 15 Solid biomass; 15.03 Charcoal; 16 Others; 16.02 Industrial waste; 16.09 Other sources; 16.10 Ammonia; 16.12 Hydrogen; 17 Electricity; 18 Heat,,
Other transformation and transfers > Supply > Production,01 Production,graph_1,Energy balance (PJ),all,01.01 Coking coal; 01.02 Other bituminous coal; 01.04 Anthracite; 01.05 Lignite; 01.99 Coal nonspecified; 06.02 Natural gas liquids; 08.01 Natural gas; 09 Nuclear; 10 Hydro; 11 Geothermal; 12.01 of which: Photovoltaics; 12.99 Solar nonspecified; 14 Wind; 15 Solid biomass; 15.02 Bagasse; 15.04 Black liqour; 15.05 Other biomass; 16.01 Biogas; 16.03 Municipal solid waste (renewable); 16.04 Municipal solid waste (non-renewable); 16.05 Biogasoline; 16.06 Biodiesel; 16.07 Bio jet kerosene; 16.08 Other liquid biofuels,01.01 Coking coal; 01.02 Other bituminous coal; 01.04 Anthracite; 01.05 Lignite; 01.99 Coal nonspecified; 06.02 Natural gas liquids; 08.01 Natural gas; 09 Nuclear; 10 Hydro; 11 Geothermal; 12.01 of which: Photovoltaics; 12.99 Solar nonspecified; 14 Wind; 15 Solid biomass; 15.02 Bagasse; 15.04 Black liqour; 15.05 Other biomass; 16.01 Biogas; 16.03 Municipal solid waste (renewable); 16.04 Municipal solid waste (non-renewable); 16.05 Biogasoline; 16.06 Biodiesel; 16.07 Bio jet kerosene; 16.08 Other liquid biofuels,,
Other transformation and transfers > Supply > Total primary energy supply,07 Total primary energy supply,graph_1,Energy balance (PJ),all,01.01 Coking coal; 01.02 Other bituminous coal; 01.04 Anthracite; 01.05 Lignite; 01.99 Coal nonspecified; 02.01 Coke oven coke; 02.02 Gas coke; 02.03 Coke oven gas; 02.04 Blast furnace gas; 02.05 Other recovered gases; 02.06 Patent fuel; 02.07 Coal tar; 02.08 BKB/PB; 06.01 Crude oil; 06.02 Natural gas liquids; 06.03 Refinery feedstocks; 06.05 Other hydrocarbons; 07.01 Motor gasoline; 07.02 Aviation gasoline; 07.03 Naphtha; 07.04 Gasoline type jet fuel; 07.05 Kerosene type jet fuel; 07.06 Kerosene; 07.07 Gas/diesel oil; 07.08 Fuel oil; 07.09 LPG; 07.10 Refinery gas (not liquefied); 07.11 Ethane; 07.12 White spirit SBP; 07.13 Lubricants; 07.14 Bitumen; 07.15 Paraffin waxes; 07.16 Petroleum coke; 07.17 Other products; 07.99 PetProd nonspecified; 08.01 Natural gas; 08.02 LNG; 09 Nuclear; 10 Hydro; 11 Geothermal; 12.01 of which: Photovoltaics; 12.99 Solar nonspecified; 14 Wind; 15 Solid biomass; 15.02 Bagasse; 15.03 Charcoal; 15.04 Black liqour; 15.05 Other biomass; 16 Others; 16.01 Biogas; 16.02 Industrial waste; 16.03 Municipal solid waste (renewable); 16.04 Municipal solid waste (non-renewable); 16.05 Biogasoline; 16.06 Biodiesel; 16.07 Bio jet kerosene; 16.08 Other liquid biofuels; 16.09 Other sources; 16.11 E-fuel; 16.12 Hydrogen; 17 Electricity; 18 Heat,01.01 Coking coal; 01.02 Other bituminous coal; 01.04 Anthracite; 01.05 Lignite; 01.99 Coal nonspecified; 02.01 Coke oven coke; 02.02 Gas coke; 02.03 Coke oven gas; 02.04 Blast furnace gas; 02.05 Other recovered gases; 02.06 Patent fuel; 02.07 Coal tar; 02.08 BKB/PB; 06.01 Crude oil; 06.02 Natural gas liquids; 06.03 Refinery feedstocks; 06.05 Other hydrocarbons; 07.01 Motor gasoline; 07.02 Aviation gasoline; 07.03 Naphtha; 07.04 Gasoline type jet fuel; 07.05 Kerosene type jet fuel; 07.06 Kerosene; 07.07 Gas/diesel oil; 07.08 Fuel oil; 07.09 LPG; 07.10 Refinery gas (not liquefied); 07.11 Ethane; 07.12 White spirit SBP; 07.13 Lubricants; 07.14 Bitumen; 07.15 Paraffin waxes; 07.16 Petroleum coke; 07.17 Other products; 07.99 PetProd nonspecified; 08.01 Natural gas; 08.02 LNG; 09 Nuclear; 10 Hydro; 11 Geothermal; 12.01 of which: Photovoltaics; 12.99 Solar nonspecified; 14 Wind; 15 Solid biomass; 15.02 Bagasse; 15.03 Charcoal; 15.04 Black liqour; 15.05 Other biomass; 16 Others; 16.01 Biogas; 16.02 Industrial waste; 16.03 Municipal solid waste (renewable); 16.04 Municipal solid waste (non-renewable); 16.05 Biogasoline; 16.06 Biodiesel; 16.07 Bio jet kerosene; 16.08 Other liquid biofuels; 16.09 Other sources; 16.11 E-fuel; 16.12 Hydrogen; 17 Electricity; 18 Heat,,
Other transformation and transfers > Transfers > Coal transformation > Blast furnaces,09.08.02 Blast furnaces,graph_1,Outputs (PJ),explicit_products,02.04 Blast furnace gas,02.04 Blast furnace gas,,
Other transformation and transfers > Transfers > Coal transformation > Blast furnaces,09.08.02 Blast furnaces,graph_2,Inputs (incl. losses & own-use) (PJ),all,,,,
Other transformation and transfers > Transfers > Coal transformation > Coke ovens,09.08.01 Coke ovens,graph_1,Inputs (incl. losses & own-use) (PJ),all,,,,
Other transformation and transfers > Transfers > Coal transformation > Coke ovens,09.08.01 Coke ovens,graph_2,Outputs (PJ),all,,,,
Other transformation and transfers > Transfers > Gas processing plants > Gas works plants,09.06.01 Gas works plants,graph_1,Inputs (incl. losses & own-use) (PJ),all,,,,
Other transformation and transfers > Transfers > Gas processing plants > Liquefaction/regasification plants,09.06.02 Liquefaction/regasification plants,graph_1,Inputs (incl. losses & own-use) (PJ),all,,,,
Other transformation and transfers > Transfers > Gas processing plants > Liquefaction/regasification plants,09.06.02 Liquefaction/regasification plants,graph_2,Outputs (PJ),explicit_products,08.01 Natural gas; 08.02 LNG; 17 Electricity,08.02 LNG,,08.01 Natural gas; 17 Electricity
Other transformation and transfers > Transfers > Gas processing plants > Natural gas blending plants,09.06.03 Natural gas blending plants,graph_1,Outputs (PJ),all,,,,
Other transformation and transfers > Transfers > Hydrogen transformation > Electrolysers,09.13.01 Electrolysers,graph_1,Outputs (PJ),all,,,,
Other transformation and transfers > Transfers > Hydrogen transformation > Electrolysers,09.13.01 Electrolysers,graph_2,Inputs (incl. losses & own-use) (PJ),explicit_products,17 Electricity,17 Electricity,,
Other transformation and transfers > Transfers > Hydrogen transformation > SMR w CCS,09.13.03 SMR w CCS,graph_1,Outputs (PJ),all,,,,
Other transformation and transfers > Transfers > Hydrogen transformation > SMR w CCS,09.13.03 SMR w CCS,graph_2,Inputs (incl. losses & own-use) (PJ),explicit_products,08.01 Natural gas,08.01 Natural gas,,
Other transformation and transfers > Transfers > Non-specified transformation,09.12 Non-specified transformation,graph_1,Inputs (incl. losses & own-use) (PJ),all,,,,
Other transformation and transfers > Transfers > Non-specified transformation,09.12 Non-specified transformation,graph_2,Outputs (PJ),explicit_products,06.05 Other hydrocarbons,06.05 Other hydrocarbons,,
Others > Agriculture and fishing,16.03 Agriculture,graph_1,Energy balance (PJ),all,07.01 Motor gasoline; 07.07 Gas/diesel oil; 07.08 Fuel oil; 07.09 LPG; 08.01 Natural gas; 15.05 Other biomass; 16.01 Biogas; 16.06 Biodiesel; 17 Electricity,07.01 Motor gasoline; 07.07 Gas/diesel oil; 07.08 Fuel oil; 07.09 LPG; 08.01 Natural gas; 15.05 Other biomass; 16.01 Biogas; 16.06 Biodiesel; 17 Electricity,,
Others > Non-specified others,16.05 Non-specified others,graph_1,Energy balance (PJ),all,17 Electricity,17 Electricity,,
Refining > Oil refineries,09.07 Oil refineries,graph_1,Outputs (PJ),all,,,,
Refining > Oil refineries,09.07 Oil refineries,graph_2,Inputs (incl. losses & own-use) (PJ),all,,,,
Transport > Domestic air transport,15.01 Domestic air transport,graph_1,Energy balance (PJ),all,,,,
Transport > Domestic navigation,15.04 Domestic navigation,graph_1,Energy balance (PJ),all,,,,
Transport > Pipeline transport,15.05 Pipeline transport,graph_1,Energy balance (PJ),all,08.01 Natural gas,08.01 Natural gas,,
Transport > Rail,15.03 Rail,graph_1,Energy balance (PJ),all,07.07 Gas/diesel oil; 16.06 Biodiesel; 17 Electricity,07.07 Gas/diesel oil; 16.06 Biodiesel; 17 Electricity,,
Transport > Road,15.02 Road,graph_1,Energy balance (PJ),all,07.01 Motor gasoline; 07.07 Gas/diesel oil; 07.09 LPG; 16.05 Biogasoline; 16.06 Biodiesel; 16.12 Hydrogen; 17 Electricity,07.01 Motor gasoline; 07.07 Gas/diesel oil; 07.09 LPG; 16.05 Biogasoline; 16.06 Biodiesel; 16.12 Hydrogen; 17 Electricity,,
